{
    "snips/default--firstTerm": {
        "vanilla": "864e47a0-b11b-4a8c-81a8-aa236ccd228e.vanilla", 
        "ngram": true, 
        "added": "864e47a0-b11b-4a8c-81a8-aa236ccd228e.added", 
        "pruningThresholds": [], 
        "order": 3
    }, 
    "snips/number": {
        "vanilla": "af2e7ace-7055-45a2-9e12-480808311659.vanilla", 
        "ngram": false, 
        "added": "af2e7ace-7055-45a2-9e12-480808311659.added", 
        "pruningThresholds": [], 
        "order": 0
    }, 
    "snips/default--firstSlot": {
        "vanilla": "a5b85ffc-4fbd-4149-8e17-d092ca4de309.vanilla", 
        "ngram": true, 
        "added": "a5b85ffc-4fbd-4149-8e17-d092ca4de309.added", 
        "pruningThresholds": [], 
        "order": 3
    }
}