{
    "snips/default--firstTerm": {
        "vanilla": "44e67fee-3612-489d-a84c-f881cf98f62b.vanilla", 
        "ngram": true, 
        "added": "44e67fee-3612-489d-a84c-f881cf98f62b.added", 
        "pruningThresholds": [], 
        "order": 3
    }, 
    "snips/number": {
        "vanilla": "12198f5c-f099-4cc8-8b85-54c4205f27b0.vanilla", 
        "ngram": false, 
        "added": "12198f5c-f099-4cc8-8b85-54c4205f27b0.added", 
        "pruningThresholds": [], 
        "order": 0
    }, 
    "snips/default--firstSlot": {
        "vanilla": "8822dae6-4ada-4af9-b023-f44241587f1e.vanilla", 
        "ngram": true, 
        "added": "8822dae6-4ada-4af9-b023-f44241587f1e.added", 
        "pruningThresholds": [], 
        "order": 3
    }
}