{
    "snips/default--firstTerm": {
        "vanilla": "3aa6bdff-5524-4224-beb0-78a6e55aa5b1.vanilla", 
        "ngram": true, 
        "added": "3aa6bdff-5524-4224-beb0-78a6e55aa5b1.added", 
        "pruningThresholds": [], 
        "order": 3
    }, 
    "snips/number": {
        "vanilla": "362891ec-544e-46ba-acd2-4cb00b565300.vanilla", 
        "ngram": false, 
        "added": "362891ec-544e-46ba-acd2-4cb00b565300.added", 
        "pruningThresholds": [], 
        "order": 0
    }, 
    "snips/default--firstSlot": {
        "vanilla": "660de959-3269-4eb0-ae5c-73fe4201e20a.vanilla", 
        "ngram": true, 
        "added": "660de959-3269-4eb0-ae5c-73fe4201e20a.added", 
        "pruningThresholds": [], 
        "order": 3
    }
}