{
  "id" : "proj_wyPPk64Zval",
  "name" : "Epson",
  "intents" : [ {
    "id" : "lbug:LastPicture",
    "type" : "registry",
    "version" : "0.3.0",
    "language" : "de",
    "slots" : [ {
      "name" : "firstSlot",
      "id" : "nelAIF7Yc",
      "entityId" : "snips/default",
      "missingQuestion" : "",
      "required" : false
    } ],
    "name" : "LastPicture",
    "enabledByDefault" : true
  }, {
    "id" : "lbug:StartCamera",
    "type" : "registry",
    "version" : "0.5.0",
    "language" : "de",
    "slots" : [ {
      "name" : "firstSlot",
      "id" : "Mi9Co2JsI",
      "entityId" : "snips/default",
      "missingQuestion" : "",
      "required" : false
    } ],
    "name" : "StartCamera",
    "enabledByDefault" : true
  }, {
    "id" : "lbug:ConfirmAction",
    "type" : "registry",
    "version" : "0.6.0",
    "language" : "de",
    "slots" : [ {
      "name" : "firstSlot",
      "id" : "emYHmbSWY",
      "entityId" : "snips/default",
      "missingQuestion" : "",
      "required" : false,
      "description" : "ja oder nein"
    } ],
    "name" : "ConfirmAction",
    "enabledByDefault" : true
  }, {
    "id" : "lbug:WundverlaufAnzeigen",
    "type" : "registry",
    "version" : "0.8.0",
    "language" : "de",
    "slots" : [ {
      "name" : "firstSlot",
      "id" : "DgJaMA9Kh",
      "entityId" : "snips/default",
      "missingQuestion" : "",
      "required" : false
    } ],
    "name" : "WundverlaufAnzeigen",
    "enabledByDefault" : true
  }, {
    "id" : "lbug:LocalizeWoundSector",
    "type" : "registry",
    "version" : "0.8.0",
    "language" : "de",
    "slots" : [ {
      "name" : "sectorNumber",
      "id" : "MIwT3P9qa",
      "entityId" : "snips/number",
      "missingQuestion" : "",
      "required" : false
    } ],
    "name" : "LocalizeWoundSector",
    "enabledByDefault" : true
  }, {
    "id" : "lbug:Home",
    "type" : "registry",
    "version" : "0.8.0",
    "language" : "de",
    "slots" : [ {
      "name" : "firstSlot",
      "id" : "82X4t_Vmt",
      "entityId" : "snips/default",
      "missingQuestion" : "",
      "required" : false
    } ],
    "name" : "Home",
    "enabledByDefault" : true
  }, {
    "id" : "lbug:NextPicture",
    "type" : "registry",
    "version" : "0.3.0",
    "language" : "de",
    "slots" : [ {
      "name" : "firstSlot",
      "id" : "tQAWfzcFO",
      "entityId" : "snips/default",
      "missingQuestion" : "",
      "required" : false
    } ],
    "name" : "NextPicture",
    "enabledByDefault" : true
  }, {
    "id" : "lbug:TakePicture",
    "type" : "registry",
    "version" : "0.6.0",
    "language" : "de",
    "slots" : [ {
      "name" : "firstTerm",
      "id" : "v2R0TWQAo",
      "entityId" : "snips/default",
      "missingQuestion" : "",
      "required" : false
    } ],
    "name" : "TakePicture",
    "enabledByDefault" : true
  } ],
  "createdAt" : "2019-06-06T12:47:46.241Z",
  "language" : "de",
  "version" : {
    "nluModel" : "0.19.7"
  },
  "platform" : {
    "type" : "raspberrypi"
  },
  "asr" : {
    "type" : "snips"
  },
  "analyticsEnabled" : true,
  "heartbeatEnabled" : true,
  "hotword" : "hey_snips"
}