{
  "config": {
    "ignore_stop_words": true,
    "max_pattern_length": 1000,
    "max_queries": 500,
    "unit_name": "deterministic_intent_parser"
  },
  "group_names_to_slot_names": {
    "group0": "firstSlot",
    "group1": "firstTerm",
    "group2": "sectorNumber"
  },
  "language_code": "de",
  "patterns": {
    "lbug:ConfirmAction": [
      "^\\s*(?P<group0>%SNIPSDEFAULTFIRSTSLOT%)\\s*ist\\s*okay\\s*$",
      "^\\s*(?P<group0>%SNIPSDEFAULTFIRSTSLOT%)\\s*ist\\s*nicht\\s*okay\\s*$",
      "^\\s*ist\\s*nicht\\s*okay\\s*(?P<group0>%SNIPSDEFAULTFIRSTSLOT%)\\s*$",
      "^\\s*best\u00e4tig\\s*mit\\s*(?P<group0>%SNIPSDEFAULTFIRSTSLOT%)\\s*$",
      "^\\s*lehne\\s*aktien\\s*ab\\s*mit\\s*(?P<group0>%SNIPSDEFAULTFIRSTSLOT%)\\s*$",
      "^\\s*best\u00e4tige\\s*aktion\\s*mit\\s*(?P<group0>%SNIPSDEFAULTFIRSTSLOT%)\\s*$",
      "^\\s*lehne\\s*ab\\s*mit\\s*(?P<group0>%SNIPSDEFAULTFIRSTSLOT%)\\s*$",
      "^\\s*akzeptiere\\s*mit\\s*(?P<group0>%SNIPSDEFAULTFIRSTSLOT%)\\s*$",
      "^\\s*best\u00e4tige\\s*mit\\s*(?P<group0>%SNIPSDEFAULTFIRSTSLOT%)\\s*$",
      "^\\s*(?P<group0>%SNIPSDEFAULTFIRSTSLOT%)\\s*ist\\s*nicht\\s*$",
      "^\\s*(?P<group0>%SNIPSDEFAULTFIRSTSLOT%)\\s*ist\\s*$"
    ],
    "lbug:Home": [
      "^\\s*gehe\\s*zu\\s*(?P<group0>%SNIPSDEFAULTFIRSTSLOT%)\\s*$",
      "^\\s*gehe\\s*(?P<group0>%SNIPSDEFAULTFIRSTSLOT%)\\s*$",
      "^\\s*gehe\\s*zur\u00fcck\\s*(?P<group0>%SNIPSDEFAULTFIRSTSLOT%)\\s*$"
    ],
    "lbug:LocalizeWoundSector": [
      "^\\s*lokalisiere\\s*wunde\\s*im\\s*bereich\\s*nummer\\s*(?P<group2>%SNIPSNUMBER%)\\s*$",
      "^\\s*speicher\\s*in\\s*abschnitt\\s*(?P<group2>%SNIPSNUMBER%)\\s*$",
      "^\\s*speicher\\s*in\\s*sektor\\s*(?P<group2>%SNIPSNUMBER%)\\s*$",
      "^\\s*sektor\\s*(?P<group2>%SNIPSNUMBER%)\\s*$",
      "^\\s*w\u00e4hle\\s*sektor\\s*(?P<group2>%SNIPSNUMBER%)\\s*aus\\s*$",
      "^\\s*w\u00e4hle\\s*sektor\\s*(?P<group2>%SNIPSNUMBER%)\\s*$"
    ],
    "lbug:StartCamera": [
      "^\\s*beginne\\s*mit\\s*(?P<group0>%SNIPSDEFAULTFIRSTSLOT%)\\s*$",
      "^\\s*(?P<group0>%SNIPSDEFAULTFIRSTSLOT%)\\s*beginnen\\s*$",
      "^\\s*beginne\\s*(?P<group0>%SNIPSDEFAULTFIRSTSLOT%)\\s*$",
      "^\\s*starte\\s*(?P<group0>%SNIPSDEFAULTFIRSTSLOT%)\\s*$",
      "^\\s*\u00f6ffne\\s*(?P<group0>%SNIPSDEFAULTFIRSTSLOT%)\\s*$"
    ],
    "lbug:TakePicture": [
      "^\\s*mach\\s*ein\\s*(?P<group1>%SNIPSDEFAULTFIRSTTERM%)\\s*$",
      "^\\s*mache\\s*(?P<group1>%SNIPSDEFAULTFIRSTTERM%)\\s*$",
      "^\\s*nimm\\s*jetzt\\s*ein\\s*(?P<group1>%SNIPSDEFAULTFIRSTTERM%)\\s*auf\\s*$",
      "^\\s*nimm\\s*ein\\s*(?P<group1>%SNIPSDEFAULTFIRSTTERM%)\\s*auf\\s*$",
      "^\\s*mache\\s*ein\\s*(?P<group1>%SNIPSDEFAULTFIRSTTERM%)\\s*$"
    ],
    "lbug:WundverlaufAnzeigen": [
      "^\\s*zeige\\s*(?P<group0>%SNIPSDEFAULTFIRSTSLOT%)\\s*$",
      "^\\s*zeig\\s*(?P<group0>%SNIPSDEFAULTFIRSTSLOT%)\\s*$",
      "^\\s*(?P<group0>%SNIPSDEFAULTFIRSTSLOT%)\\s*wunde\\s*anzeigen\\s*$",
      "^\\s*(?P<group0>%SNIPSDEFAULTFIRSTSLOT%)\\s*anzeigen\\s*$",
      "^\\s*zeig\\s*(?P<group0>%SNIPSDEFAULTFIRSTSLOT%)\\s*an\\s*$"
    ]
  },
  "slot_names_to_entities": {
    "lbug:ConfirmAction": {
      "firstSlot": "snips/default--firstSlot"
    },
    "lbug:Home": {
      "firstSlot": "snips/default--firstSlot"
    },
    "lbug:LocalizeWoundSector": {
      "sectorNumber": "snips/number"
    },
    "lbug:StartCamera": {
      "firstSlot": "snips/default--firstSlot"
    },
    "lbug:TakePicture": {
      "firstTerm": "snips/default--firstTerm"
    },
    "lbug:WundverlaufAnzeigen": {
      "firstSlot": "snips/default--firstSlot"
    }
  },
  "stop_words_whitelist": {}
}